{
    "ndofs": [
        225,
        239,
        260,
        310,
        415,
        613,
        931,
        1541
    ],
    "eta_global": [
        0.6940086890447478,
        0.5991649073873295,
        0.5200661390698812,
        0.3906425477320954,
        0.2759358224983202,
        0.20367893789463326,
        0.1515945599902742,
        0.11308979020926846
    ],
    "error": [
        0.023969050028706584,
        0.019195877775878785,
        0.017323546612551654,
        0.01494100005171918,
        0.013060547022116642,
        0.011730798580417048,
        0.01046602512685405,
        0.009626734438192792
    ],
    "marked_cells": {
        "0": [
            189,
            204,
            203,
            176,
            217
        ],
        "1": [
            262,
            263,
            275,
            229,
            212,
            274,
            247,
            246,
            196
        ],
        "2": [
            330,
            309,
            310,
            288,
            331,
            287,
            308,
            351,
            267,
            212,
            181,
            150,
            354,
            286,
            197,
            266,
            338,
            265
        ],
        "3": [
            243,
            221,
            369,
            483,
            345,
            388,
            364,
            168,
            344,
            394,
            460,
            468,
            393,
            318,
            489,
            413,
            153,
            320,
            267,
            446,
            184,
            498,
            202,
            185,
            266,
            269,
            363,
            222,
            316,
            474,
            339,
            461,
            346,
            412,
            436,
            321,
            201
        ],
        "4": [
            577,
            617,
            332,
            550,
            578,
            354,
            400,
            428,
            80,
            622,
            601,
            638,
            597,
            462,
            240,
            368,
            318,
            634,
            313,
            350,
            279,
            652,
            549,
            351,
            338,
            329,
            427,
            456,
            325,
            296,
            575,
            619,
            489,
            490,
            278,
            358,
            520,
            323,
            349,
            600,
            404,
            460,
            494,
            315,
            579,
            493,
            641,
            455,
            314,
            321,
            388,
            360,
            402,
            359,
            461,
            365,
            434,
            433,
            203,
            352,
            424,
            551,
            556,
            666,
            105,
            239,
            657,
            636,
            330,
            524,
            467,
            466,
            295,
            599,
            525,
            289,
            491,
            521
        ],
        "5": [
            215,
            587,
            209,
            1045,
            1013,
            497,
            839,
            1136,
            890,
            842,
            542,
            1111,
            789,
            939,
            736,
            786,
            892,
            801,
            986,
            492,
            889,
            300,
            983,
            733,
            539,
            242,
            272,
            538,
            408,
            836,
            938,
            269,
            941,
            686,
            466,
            299,
            735,
            1083,
            935,
            1084,
            783,
            788,
            555,
            841,
            188,
            467,
            748,
            298,
            991,
            638,
            785,
            802,
            679,
            332,
            838,
            1019,
            311,
            684,
            240,
            191,
            331,
            687,
            643,
            798,
            1025,
            266,
            1055,
            297,
            409,
            639,
            452,
            1021,
            330,
            937,
            236,
            302,
            345,
            267,
            636,
            650,
            510,
            271,
            730,
            423,
            734,
            681,
            591,
            238,
            585,
            514,
            268,
            491,
            422,
            851,
            325,
            982,
            1068,
            947,
            685,
            680,
            901,
            1074,
            837,
            1048,
            732,
            1046,
            1015,
            633,
            974,
            635,
            683,
            1014,
            346,
            596,
            634,
            1076,
            1054,
            1075,
            978,
            512,
            630,
            1016,
            543,
            632,
            590,
            499,
            888,
            1044,
            414,
            1040,
            1067,
            153,
            787,
            365,
            336,
            537,
            699,
            933
        ],