{
    "ndofs": [
        225,
        239,
        260,
        310,
        413,
        609,
        920,
        1533
    ],
    "eta_global": [
        0.6892924843533715,
        0.5962085569147721,
        0.5172920023303469,
        0.3881938893444075,
        0.27537233561819824,
        0.20375929332289103,
        0.1517389357347993,
        0.11271850483636249
    ],
    "error": [
        0.023969050028706584,
        0.019195877775878785,
        0.017323546612551654,
        0.01494100005171918,
        0.013089527736250132,
        0.011707045895596175,
        0.01059528666354387,
        0.009623547186776002
    ],
    "marked_cells": {
        "0": [
            189,
            204,
            203,
            176,
            217
        ],
        "1": [
            262,
            263,
            275,
            229,
            212,
            274,
            247,
            246,
            196
        ],
        "2": [
            330,
            309,
            310,
            288,
            331,
            287,
            308,
            267,
            351,
            212,
            181,
            150,
            354,
            286,
            266,
            265,
            338,
            197
        ],
        "3": [
            243,
            221,
            369,
            483,
            345,
            388,
            364,
            344,
            394,
            168,
            460,
            393,
            468,
            318,
            489,
            413,
            153,
            320,
            446,
            267,
            498,
            184,
            474,
            185,
            202,
            269,
            363,
            266,
            316,
            222,
            461,
            339,
            412,
            436,
            346,
            201,
            462
        ],
        "4": [
            513,
            481,
            572,
            329,
            613,
            545,
            573,
            348,
            397,
            422,
            127,
            597,
            459,
            618,
            634,
            593,
            232,
            647,
            365,
            313,
            271,
            379,
            358,
            346,
            630,
            547,
            326,
            421,
            390,
            319,
            484,
            614,
            452,
            571,
            291,
            487,
            272,
            351,
            317,
            637,
            518,
            310,
            426,
            414,
            595,
            490,
            454,
            489,
            451,
            575,
            315,
            382,
            353,
            357,
            381,
            662,
            352,
            362,
            455,
            546,
            417,
            552,
            202,
            653,
            415,
            158,
            327,
            631,
            594,
            520,
            233,
            290,
            485,
            521,
            515,
            285,
            328,
            402
        ],
        "5": [
            215,
            582,
            1100,
            1125,
            1097,
            1004,
            968,
            1072,
            1075,
            209,
            1044,
            496,
            832,
            884,
            835,
            539,
            934,
            781,
            1114,
            729,
            778,
            887,
            883,
            982,
            978,
            726,
            300,
            491,
            411,
            829,
            933,
            536,
            535,
            242,
            937,
            680,
            272,
            728,
            930,
            1087,
            269,
            299,
            1088,
            775,
            780,
            834,
            188,
            633,
            673,
            298,
            601,
            777,
            1040,
            990,
            831,
            795,
            1014,
            678,
            1069,
            681,
            191,
            331,
            641,
            332,
            240,
            1025,
            266,
            1058,
            297,
            452,
            1018,
            932,
            634,
            412,
            236,
            330,
            302,
            698,
            854,
            631,
            723,
            267,
            848,
            727,
            501,
            271,
            586,
            675,
            580,
            555,
            238,
            977,
            268,
            490,
            679,
            1079,
            674,
            830,
            947,
            1047,
            900,
            1073,
            725,
            1074,
            1042,
            628,
            1010,
            677,
            1045,
            545,
            1101,
            630,
            591,
            166,
            1102,
            1103,
            629,
            1126,
            1009,
            1041,
            1038,
            625,
            593,
            1043,
            1039,
            1071,
            498,
            1006,
            1057,
            882,
            540,
            585,
            1099,
            779,
            627,
            1128,
            556,
            1068,
            153,
            457
        ],