{
    "ndofs": [
        225,
        239,
        267,
        314,
        396,
        560,
        861,
        1374
    ],
    "eta_global": [
        0.28869903495215893,
        0.20283509993441115,
        0.15418281906549924,
        0.09626403303334859,
        0.06125818611413181,
        0.03921324418667992,
        0.025481888346676897,
        0.016381409918692625
    ],
    "error": [
        0.016311919792050735,
        0.010915547119632952,
        0.009147208341509363,
        0.007562409878098472,
        0.007019827679076703,
        0.006724548492914136,
        0.00600638419445069,
        0.005518630114790648
    ],
    "marked_cells": {
        "0": [
            189,
            203,
            176,
            204,
            217
        ],
        "1": [
            262,
            275,
            274,
            263,
            286,
            230,
            260,
            213,
            229
        ],
        "2": [
            335,
            336,
            329,
            350,
            313,
            319,
            212,
            196,
            136,
            320,
            303,
            305,
            151,
            321,
            133
        ],
        "3": [
            244,
            298,
            321,
            222,
            365,
            265,
            207,
            370,
            342,
            417,
            189,
            454,
            360,
            395,
            269,
            247,
            335,
            432,
            458,
            440,
            497,
            288,
            276,
            359,
            224,
            334,
            341,
            311,
            385,
            297,
            479
        ],
        "4": [
            347,
            319,
            548,
            478,
            369,
            479,
            291,
            657,
            339,
            512,
            649,
            511,
            264,
            671,
            403,
            581,
            436,
            341,
            664,
            214,
            370,
            516,
            238,
            667,
            260,
            187,
            240,
            647,
            642,
            404,
            282,
            454,
            308,
            617,
            566,
            309,
            435,
            312,
            531,
            651,
            611,
            234,
            600,
            494,
            604,
            346,
            561,
            610,
            209,
            368,
            597,
            266,
            230,
            284,
            206,
            527,
            310,
            637,
            410,
            281,
            688,
            665
        ],
        "5": [
            755,
            412,
            667,
            166,
            375,
            634,
            589,
            537,
            579,
            709,
            803,
            704,
            666,
            399,
            275,
            732,
            623,
            705,
            617,
            734,
            850,
            151,
            578,
            836,
            342,
            536,
            496,
            625,
            309,
            244,
            789,
            879,
            397,
            801,
            497,
            743,
            881,
            649,
            895,
            581,
            750,
            892,
            849,
            848,
            660,
            457,
            749,
            218,
            792,
            437,
            687,
            752,
            798,
            525,
            364,
            213,
            650,
            154,
            935,
            694,
            661,
            614,
            800,
            194,
            360,
            127,
            514,
            153,
            571,
            456,
            923,
            643,
            216,
            140,
            1013,
            741,
            369,
            695,
            1031,
            331,
            336,
            474,
            406,
            395,
            834,
            894,
            361,
            958,
            206,
            839,
            988,
            802,
            600,
            933,
            460,
            1012,
            765,
            1040,
            502,
            418,
            986,
            422,
            652,
            968,
            925,
            796,
            876,
            618,
            608,
            301,
            1045,
            688,
            568,
            843,
            504,
            1041
        ],