{
    "ndofs": [
        225,
        239,
        272,
        323,
        431,
        623,
        920,
        1502
    ],
    "eta_global": [
        0.28579061801980726,
        0.2017528720432084,
        0.1461737014000279,
        0.08699047766862039,
        0.054789419727406384,
        0.035171695344117605,
        0.02312476170688192,
        0.015359550453908752
    ],
    "error": [
        0.016311919792050735,
        0.010915547119632952,
        0.008829650137586601,
        0.007466126965032199,
        0.006988012733293657,
        0.006238089723117597,
        0.0059786985210738275,
        0.005442676171064841
    ],
    "marked_cells": {
        "0": [
            189,
            203,
            176,
            204,
            217
        ],
        "1": [
            262,
            275,
            274,
            263,
            286,
            230,
            213,
            260,
            229,
            281
        ],
        "2": [
            339,
            337,
            356,
            321,
            214,
            200,
            319,
            135,
            304,
            306,
            156,
            323,
            141,
            199,
            383,
            262,
            139
        ],
        "3": [
            377,
            424,
            378,
            470,
            395,
            448,
            274,
            251,
            373,
            490,
            530,
            468,
            368,
            281,
            227,
            351,
            419,
            347,
            342,
            304,
            512,
            205,
            425,
            319,
            438,
            277,
            399,
            541,
            401,
            462,
            268,
            529,
            415,
            291,
            254,
            479,
            172,
            400,
            413,
            465
        ],
        "4": [
            181,
            584,
            205,
            555,
            147,
            150,
            166,
            390,
            167,
            285,
            423,
            133,
            397,
            458,
            200,
            118,
            464,
            245,
            213,
            491,
            428,
            204,
            365,
            324,
            100,
            280,
            492,
            460,
            366,
            386,
            318,
            162,
            323,
            595,
            358,
            164,
            172,
            371,
            389,
            244,
            202,
            456,
            72,
            296,
            177,
            107,
            57,
            522,
            396,
            337,
            419,
            338,
            85,
            252,
            385,
            527,
            420,
            521,
            74,
            353,
            591,
            457,
            115,
            130,
            56,
            83,
            98,
            612,
            370,
            617,
            621,
            380,
            497,
            566,
            355
        ],
        "5": [
            899,
            914,
            763,
            833,
            1060,
            793,
            1032,
            873,
            846,
            1109,
            823,
            992,
            880,
            801,
            954,
            868,
            1080,
            1108,
            887,
            935,
            1092,
            853,
            1059,
            959,
            946,
            982,
            1023,
            983,
            816,
            1078,
            980,
            1045,
            573,
            997,
            741,
            945,
            619,
            857,
            1001,
            974,
            782,
            565,
            866,
            661,
            644,
            1069,
            596,
            1162,
            951,
            1022,
            1156,
            712,
            904,
            399,
            435,
            162,
            1132,
            398,
            1037,
            144,
            936,
            749,
            1091,
            1146,
            890,
            1139,
            1106,
            531,
            361,
            808,
            1020,
            1140,
            809,
            1072,
            488,
            1101,
            1170,
            937,
            1157,
            1077,
            814,
            128,
            612,
            434,
            909,
            417,
            325,
            659,
            1125,
            889,
            1119,
            748,
            826,
            861,
            695,
            562,
            1029,
            862,
            548,
            836,
            183,
            362,
            929,
            786,
            697,
            389,
            326,
            454,
            888,
            598,
            425,
            1136,
            755,
            412,
            664,
            519,
            1036,
            1127,
            776,
            1008,
            206,
            1057,
            1137,
            966,
            129,
            877,
            842,
            1065,
            807,
            143,
            1074,
            1138,
            667,
            698
        ],